{"entities":{"pages":{"introduction":{"id":"introduction","title":"Introduction","url":"introduction.html","level":0,"tabIndex":0},"Configuration":{"id":"Configuration","title":"Configuration","url":"configuration.html","level":0,"tabIndex":1},"SSL-Certificates":{"id":"SSL-Certificates","title":"SSL Certificates","url":"ssl-certificates.html","level":0,"tabIndex":2},"Examples":{"id":"Examples","title":"Examples","url":"examples.html","level":0,"pages":["Basic-docker-compose"],"tabIndex":3},"Basic-docker-compose":{"id":"Basic-docker-compose","title":"Basic docker-compose","url":"basic-docker-compose.html","level":1,"parentId":"Examples","tabIndex":0},"Future-plans-and-improvements":{"id":"Future-plans-and-improvements","title":"Future plans and improvements","url":"future-plans-and-improvements.html","level":0,"tabIndex":4}}},"topLevelIds":["introduction","Configuration","SSL-Certificates","Examples","Future-plans-and-improvements"]}